Date,Open,High,Low,Close,Volume
2019-01-01,151.5102,152.3372,150.4698,151.8047,83735381
2019-01-02,153.6251,153.6061,152.7381,153.4085,102549500
2019-01-03,154.7339,156.806,154.0613,155.2126,128907556
2019-01-04,153.077,154.5324,152.8702,152.8891,121512258
2019-01-07,159.7318,161.8075,158.4292,159.999,80024762
2019-01-08,158.6724,159.307,158.5802,158.688,120329693
2019-01-09,159.2864,159.234,158.1143,159.0022,61168159
2019-01-10,158.2665,157.9616,157.1026,157.8148,38616522
2019-01-11,159.6409,160.2022,159.5919,159.5966,61164943
2019-01-14,158.4286,159.2835,158.3978,158.816,57946630
2019-01-15,158.9158,159.3686,159.0927,159.1343,62130176
2019-01-16,158.2356,158.2751,157.2866,157.9335,54504144
2019-01-17,156.9579,157.6269,157.0536,157.4395,66525331
2019-01-18,158.7746,159.9136,156.8751,158.8594,102517500
2019-01-21,162.901,164.4228,160.0126,163.0897,158876866
2019-01-22,160.5884,161.2532,160.177,160.6382,40120524
2019-01-23,160.7785,162.7091,160.6386,161.266,47795561
2019-01-24,163.6909,167.7459,163.0062,164.6029,58291024
2019-01-25,166.7443,166.6987,165.6064,166.484,108670827
2019-01-28,168.076,167.9371,166.1037,167.5906,73703306
2019-01-29,166.3643,168.5548,165.8511,167.2612,59882418
2019-01-30,165.9815,167.4234,165.5145,165.7979,106561239
2019-01-31,165.0678,165.4591,164.3875,164.5322,117282170
2019-02-01,166.3437,167.6432,166.034,166.0465,79401928
2019-02-04,166.0353,167.4959,163.6911,166.243,57716260
2019-02-05,166.3125,167.7616,166.6206,166.7839,89133786
2019-02-06,170.9487,171.0762,170.364,170.9072,72873083
2019-02-07,172.2478,172.4391,171.1983,172.1198,72647671
2019-02-08,169.0737,170.8631,167.8515,169.0251,65174386
2019-02-11,169.6402,170.6357,168.9299,169.7319,115817993
2019-02-12,166.676,168.2873,166.5959,167.2182,88409437
2019-02-13,164.0712,166.3582,160.3191,163.8633,121062505
2019-02-14,162.975,163.6555,161.5043,162.745,136531736
2019-02-15,159.5876,159.5613,158.3819,159.4915,96122069
2019-02-18,152.9501,152.9369,151.3558,152.8992,65328983
2019-02-19,158.0942,159.9012,154.0354,157.2998,121286695
2019-02-20,159.55,165.6004,156.4145,159.8491,96379402
2019-02-21,162.6547,163.917,161.2648,162.0306,226642468
2019-02-22,160.1122,160.4733,159.3808,160.4652,90564996
2019-02-25,162.1827,162.7158,161.4738,161.6441,105752541
2019-02-26,166.9833,166.7074,166.3489,166.3666,89854903
2019-02-27,161.2012,161.5451,160.9678,161.343,76890874
2019-02-28,155.6802,156.0668,153.0932,154.9064,72132882
2019-03-01,158.5056,158.3748,156.7101,158.2827,89992305
2019-03-04,154.8675,156.2186,153.7127,155.2757,98543387
2019-03-05,155.2599,155.8,153.849,155.4343,126948538
2019-03-06,155.218,155.4296,154.1045,154.6914,90519641
2019-03-07,154.1844,154.0844,151.3389,153.758,66477993
2019-03-08,154.0493,154.5543,154.4393,154.5391,70195558
2019-03-11,153.2708,157.3418,152.9539,153.3349,47127272
2019-03-12,149.5723,150.5133,147.7218,149.481,155479232
2019-03-13,146.5233,147.7766,144.7509,146.7466,64428571
2019-03-14,146.6377,148.7466,145.4559,145.6041,117801713
2019-03-15,146.0506,146.9397,144.1659,145.9483,89357660
2019-03-18,142.568,144.3205,142.3067,142.5944,90334492
2019-03-19,142.7602,143.5055,142.2211,142.2511,76328583
2019-03-20,142.8733,143.376,142.5055,143.0299,58376130
2019-03-21,142.0595,142.6441,141.625,141.6308,54304792
2019-03-22,144.9208,146.6044,144.6814,145.6477,159718483
2019-03-25,144.6772,145.987,144.5087,144.8742,83731149
2019-03-26,144.7785,146.1827,143.6757,144.3236,125478412
2019-03-27,145.1641,145.0706,144.0651,144.4819,139210810
2019-03-28,145.9586,146.4923,145.975,146.2976,67876363
2019-03-29,144.7414,145.1704,144.8084,145.1283,94767729
2019-04-01,144.6551,144.8777,143.7277,144.4091,81453389
2019-04-02,141.8391,143.9827,142.0394,142.1045,50357175
2019-04-03,145.5042,147.8719,143.4863,145.6215,74279473
2019-04-04,147.3204,147.5428,145.4975,146.9336,101192968
2019-04-05,146.8486,149.0797,145.5805,147.0885,65523898
2019-04-08,145.9649,147.4336,145.993,146.8281,70252040
2019-04-09,146.9415,147.7218,145.76,147.5162,74640248
2019-04-10,147.923,148.0927,147.3393,147.9185,186165928
2019-04-11,146.7996,147.6818,147.3624,147.6225,38413426
2019-04-12,147.8356,148.081,147.9661,147.9674,97776469
2019-04-15,146.522,147.6009,146.8707,147.1352,72290375
2019-04-16,145.5826,145.0536,144.6165,144.8681,61915135
2019-04-17,144.1328,143.7953,142.6498,143.1997,71584341
2019-04-18,143.8129,144.2981,143.0471,144.2702,104478063
2019-04-19,144.5071,144.7163,143.7806,144.3958,106893827
2019-04-22,146.1716,148.4987,145.1273,146.5934,86179599
2019-04-23,146.1148,147.0126,145.479,146.2505,123856441
2019-04-24,139.4211,140.0108,138.4305,138.6689,132895065
2019-04-25,135.9283,136.5909,134.5424,136.1187,110894246
2019-04-26,136.6266,137.0792,136.4073,136.7439,64299358
2019-04-29,135.9626,136.4662,135.9211,136.3476,97495210
2019-04-30,137.7876,137.3768,136.8461,137.3147,97680983
2019-05-01,137.8292,139.8471,138.8429,139.1852,57729832
2019-05-02,138.3723,139.1499,138.2078,138.5562,42702227
2019-05-03,138.8259,139.3159,138.4499,138.845,35620324
2019-05-06,138.536,139.0382,138.3837,138.811,82266899
2019-05-07,140.1911,140.4316,138.5025,139.8284,90129048
2019-05-08,139.1332,138.897,137.2924,138.6323,49864733
2019-05-09,135.9485,137.3374,133.6651,136.5256,121563841
2019-05-10,138.4555,138.8627,137.0244,137.5887,85022327
2019-05-13,138.0289,138.7556,138.3751,138.6196,137250494
2019-05-14,140.6944,140.1893,140.0462,140.1516,92780916
2019-05-15,137.1204,137.4032,136.1247,137.0588,52221443
2019-05-16,137.1871,137.7054,136.8516,137.3946,96095176
2019-05-17,136.3434,137.3207,136.3562,136.511,104592402
2019-05-20,137.203,137.7846,136.8638,137.2168,64262560
2019-05-21,137.5402,137.4695,137.4249,137.4543,44933761
2019-05-22,136.9693,137.3621,137.2186,137.3479,83274723
2019-05-23,137.7423,138.8416,136.4876,137.839,53607489
2019-05-24,137.0098,137.6053,137.3174,137.3269,125258762
2019-05-27,135.2709,135.826,134.9289,135.7649,67976085
2019-05-28,135.3604,135.6983,135.5489,135.6927,159471795
2019-05-29,135.3808,136.1322,135.4184,135.8486,34204703
2019-05-30,134.9676,135.2929,135.0453,135.1379,84431864
2019-05-31,135.742,135.6002,135.1763,135.566,141710138
2019-06-03,135.5352,136.0717,135.4782,135.4861,56030988
2019-06-04,133.3417,133.4477,132.0628,132.5543,75064388
2019-06-05,132.4116,133.6126,131.6991,133.2926,68088773
2019-06-06,131.9691,132.4286,130.2005,131.7834,60856557
2019-06-07,129.4727,129.5434,129.1263,129.4702,88223705
2019-06-10,129.2744,129.222,128.1117,128.9584,47648826
2019-06-11,128.7494,128.6192,127.9491,128.4729,76526655
2019-06-12,128.2758,128.5423,128.0626,128.3393,98339357
2019-06-13,128.1815,128.4509,127.5556,128.1151,73404786
2019-06-14,127.0312,127.505,126.9041,127.315,53621223
2019-06-17,127.9878,128.1192,127.1982,127.7524,120795712
2019-06-18,124.7504,125.8707,125.1402,125.4556,107139253
2019-06-19,125.6199,125.839,125.1003,125.3274,52749366
2019-06-20,124.4572,124.5042,124.0862,124.4658,47673877
2019-06-21,124.8744,125.1676,125.0022,125.057,54666815
2019-06-24,122.5797,122.9858,122.1384,122.6652,99497836
2019-06-25,120.5455,120.8511,119.6729,120.6031,89322712
2019-06-26,120.8929,121.44,120.1507,120.4233,109734050
2019-06-27,121.5168,121.6066,120.0869,120.3437,70215321
2019-06-28,121.6706,121.9272,119.393,121.2261,55264621
2019-07-01,125.3876,125.8486,124.9824,125.6004,115534042
2019-07-02,127.0369,127.1344,126.772,126.7971,64113004
2019-07-03,126.5384,126.7681,126.0909,126.2831,86197903
2019-07-04,126.5531,127.1858,126.2996,126.9048,43036848
2019-07-05,128.9855,129.4885,128.444,129.4743,63694770
2019-07-08,129.0371,129.5758,127.9864,129.0616,119795385
2019-07-09,129.3853,129.1229,129.0604,129.0722,60070375
2019-07-10,129.1015,130.0191,129.6313,129.7273,110811234
2019-07-11,129.9603,131.0259,130.0551,130.2417,31488385
2019-07-12,130.9904,131.3932,129.4885,130.7655,63960772
2019-07-15,128.732,129.3457,128.5305,128.7159,74700349
2019-07-16,133.0151,134.3227,131.7026,132.4511,160620229
2019-07-17,132.3737,135.5216,131.3366,132.9354,50119065
2019-07-18,121.5869,121.4515,120.3951,120.7319,104629334
2019-07-19,118.7351,119.8511,118.3802,119.2842,122094989
2019-07-22,119.2963,120.2438,119.1869,120.0247,59945197
2019-07-23,120.1805,120.2276,119.9561,120.2018,68897304
2019-07-24,119.6181,120.2105,119.8377,120.0259,84662955
2019-07-25,120.0566,120.1868,119.979,120.0706,44231298
2019-07-26,120.2195,120.6834,120.0383,120.2461,66685354
2019-07-29,120.898,122.2467,120.8736,120.969,133282568
2019-07-30,120.2396,122.1885,120.1639,120.5439,98601705
2019-07-31,120.314,120.2141,119.6859,120.158,75137977
2019-08-01,119.219,119.5118,118.9355,119.3325,83701389
2019-08-02,119.5525,119.2722,119.1245,119.1574,100926121
2019-08-05,118.9354,119.1172,118.8703,118.9997,108961073
2019-08-06,118.5235,119.1421,118.7763,118.867,64036995
2019-08-07,116.2599,116.9348,116.3538,116.85,147808129
2019-08-08,115.8174,116.6094,114.6082,115.8772,135445035
2019-08-09,120.2108,120.8668,120.519,120.6694,104891836
2019-08-12,120.535,121.5101,119.3911,121.0241,57102202
2019-08-13,121.1434,121.3011,120.7715,120.9519,53193545
2019-08-14,120.563,121.6481,121.0032,121.2076,70202583
2019-08-15,122.0727,121.8408,121.4869,121.5566,81968307
2019-08-16,122.4299,122.7219,121.7881,122.3713,39434059
2019-08-19,122.5293,122.5575,122.5266,122.5454,97505022
2019-08-20,123.0835,123.6025,123.4636,123.4661,133889059
2019-08-21,125.0118,124.8642,124.5095,124.7254,100747389
2019-08-22,124.4104,125.3692,124.2181,124.4115,61044646
2019-08-23,123.8193,124.4785,123.9725,124.0744,58222115
2019-08-26,127.0681,128.0175,126.9429,126.9919,90194420
2019-08-27,125.603,127.1825,126.192,126.2387,75241666
2019-08-28,126.3878,127.1703,126.973,127.0093,95511160
2019-08-29,123.8984,124.4708,124.1026,124.3155,101769981
2019-08-30,126.7066,127.3127,126.5138,126.5738,123814297
2019-09-02,127.0981,127.4354,126.8353,127.0994,50865111
2019-09-03,126.9002,126.9624,125.3742,126.5015,87415639
2019-09-04,125.9123,127.0549,125.5104,126.2603,69174799
2019-09-05,125.6477,127.2061,124.8612,125.4312,76905132
2019-09-06,125.1243,125.4241,124.6434,125.1671,113045475
2019-09-09,124.051,124.835,122.3919,124.4025,118069919
2019-09-10,121.8011,122.9737,120.2531,121.6604,139966638
2019-09-11,125.4785,126.4466,124.8593,125.5034,94846778
2019-09-12,123.6022,124.6097,123.4498,123.8357,76555802
2019-09-13,124.6622,126.1446,124.1869,124.6465,72303695
2019-09-16,122.5308,123.0713,120.4727,122.5785,39969818
2019-09-17,123.9955,124.915,121.8015,124.0526,136718033
2019-09-18,126.9408,127.8742,126.0215,127.098,70334840
2019-09-19,128.7261,131.5576,128.7558,129.2311,97942978
2019-09-20,130.393,131.8321,126.8783,130.3637,104964819
2019-09-23,132.6614,135.0615,132.8624,132.9812,48613459
2019-09-24,131.8476,134.5376,130.8821,132.2518,55295309
2019-09-25,135.5795,139.4745,135.2393,135.6774,148537076
2019-09-26,137.8504,139.8449,133.7376,137.5472,89855321
2019-09-27,143.5443,143.4665,142.5982,143.4644,63420830
2019-09-30,139.7929,141.2918,135.5996,140.0158,76057362
2019-10-01,140.7361,141.6772,140.6757,140.9776,123534614
2019-10-02,143.0463,144.0484,140.8228,142.7737,116251090
2019-10-03,147.3166,151.2342,146.7627,148.3797,44504661
2019-10-04,142.5275,144.1135,140.3183,142.1869,153813398
2019-10-07,141.3496,142.7932,141.2073,142.1465,117740829
2019-10-08,139.5844,140.4524,138.4692,140.1783,75266604
2019-10-09,137.7463,139.1987,135.4865,137.9589,49666847
2019-10-10,143.5648,144.7595,140.9758,142.6331,121952312
2019-10-11,142.5395,144.2709,138.6244,141.824,96795222
2019-10-14,131.7408,132.4192,128.2557,131.4619,44652365
2019-10-15,131.4306,131.5481,130.5188,131.2901,72907783
2019-10-16,129.1561,131.8061,129.3826,129.8797,279358474
2019-10-17,127.7968,127.7642,127.1854,127.7367,80529802
2019-10-18,127.5282,128.3471,127.4918,127.7385,59456110
2019-10-21,128.1626,128.7496,128.2475,128.477,53443658
2019-10-22,129.0114,129.0866,128.7401,128.9515,162530589
2019-10-23,128.0623,128.9708,128.1315,128.2434,112295122
2019-10-24,129.1117,128.9894,128.7141,128.7754,140471171
2019-10-25,127.6811,129.6397,128.1486,128.4248,88349518
2019-10-28,128.1693,128.5319,128.0334,128.1405,132109923
2019-10-29,129.6838,130.0907,129.863,130.0263,56979894
2019-10-30,130.8249,132.128,130.8585,130.9858,85375828
2019-10-31,137.2168,138.5984,136.356,137.0914,89733847
2019-11-01,141.8701,143.6079,140.1107,142.3464,139073894
2019-11-04,140.3224,140.3818,140.0853,140.2532,90882171
2019-11-05,143.9867,144.3967,142.7481,144.0785,62291310
2019-11-06,141.7124,143.1756,141.7548,141.9936,82076863
2019-11-07,141.4752,142.257,140.0714,141.6751,40913552
2019-11-08,142.8434,143.6331,142.4024,142.9097,31615235
2019-11-11,143.295,144.357,143.5734,143.6255,111560069
2019-11-12,143.606,144.1225,143.213,143.6029,68863692
2019-11-13,142.9062,143.4125,141.6783,143.0255,72057161
2019-11-14,144.0381,145.6929,143.5793,144.3025,111542457
2019-11-15,143.3896,145.4637,141.9731,142.7073,139886417
2019-11-18,147.933,150.1391,143.0486,147.7489,99069519
2019-11-19,140.953,142.2088,139.7419,141.115,172993801
2019-11-20,141.9236,142.5386,141.3579,141.8615,97817381
2019-11-21,141.539,142.0824,141.7718,141.9757,90279645
2019-11-22,144.0346,144.3601,144.0683,144.2234,88074422
2019-11-25,146.1804,146.5758,145.588,146.3209,47838387
2019-11-26,145.1094,145.948,145.5572,145.6532,117263797
2019-11-27,145.7776,145.6099,145.5516,145.6083,30079390
2019-11-28,144.9724,145.312,145.0902,145.1924,63277226
2019-11-29,144.6484,145.0527,144.7612,144.8028,80737146
2019-12-02,145.4288,145.7301,145.4447,145.6771,58330301
2019-12-03,146.9387,145.7886,145.4049,145.64,66774699
2019-12-04,145.4216,145.8206,145.4331,145.711,166963773
2019-12-05,146.8132,147.747,147.3004,147.7272,124416671
2019-12-06,148.5716,149.5626,149.0559,149.2864,60806431
2019-12-09,149.335,149.2666,148.4249,148.9952,66300671
2019-12-10,147.6808,148.5796,145.5165,147.0899,48001154
2019-12-11,148.6171,149.5303,148.7305,148.9214,106062033
2019-12-12,149.8678,149.8885,149.1675,149.2939,72394451
2019-12-13,150.6747,151.162,149.7504,150.3399,36431728
2019-12-16,150.3439,151.1386,149.6508,150.4294,83290964
2019-12-17,150.801,151.2657,149.6654,150.9189,95356088
2019-12-18,150.2009,151.4695,149.5001,150.1194,117599293
2019-12-19,152.6499,152.6558,150.6616,152.2486,77686750
2019-12-20,150.075,151.0032,147.042,149.8963,68920810
2019-12-23,152.7451,155.3472,152.1883,153.0555,177067764
2019-12-24,152.0804,152.2125,150.6349,152.1599,80211034
2019-12-25,150.2779,151.8568,149.1118,149.3873,106681884
2019-12-26,150.6551,152.7595,147.148,150.5416,64470694
2019-12-27,154.9545,155.2904,153.3113,154.5509,105424019
2019-12-30,157.0713,159.6706,156.7356,156.8171,44691129
2019-12-31,157.6385,157.5192,157.0395,157.5093,66499844
2020-01-01,157.1529,157.1926,156.8889,157.1016,49339103
2020-01-02,157.7622,157.735,156.4951,157.3381,62805164
2020-01-03,157.0916,157.3171,156.3716,156.7533,131922502
2020-01-06,156.221,156.3062,155.829,156.0974,62620724
2020-01-07,157.4537,157.8322,157.1301,157.7817,106626181
2020-01-08,150.7782,151.7025,149.5397,150.6039,146779683
2020-01-09,148.5779,150.1121,148.4176,148.6077,79122375
2020-01-10,146.6172,148.0379,146.6798,146.7529,119048798
2020-01-13,146.7881,145.649,144.4385,145.6132,98934797
2020-01-14,147.6451,149.6676,147.6155,148.3283,83814113
2020-01-15,150.4992,151.284,149.7049,150.0671,108002337
2020-01-16,150.6459,151.3862,150.6513,151.0362,167001345
2020-01-17,150.9845,151.9533,149.7946,150.925,61999050
2020-01-20,159.9902,161.7898,151.8449,158.7621,54507934
2020-01-21,157.4073,159.3647,156.2547,157.8624,53242705
2020-01-22,154.8276,158.689,154.9226,155.1642,119080272
2020-01-23,157.3223,158.5847,154.7172,157.3306,125684359
2020-01-24,156.4025,157.8031,155.9419,156.8005,64535267
2020-01-27,158.0283,158.2974,157.2182,157.6097,34042890
2020-01-28,156.6837,157.6194,155.9068,156.9352,61076302
2020-01-29,160.0789,161.3227,159.7305,159.7652,99600611
2020-01-30,161.6882,162.3969,160.6245,162.3343,77893100
2020-01-31,160.0213,163.475,159.2134,160.8911,85984387
2020-02-03,161.5522,162.2059,161.4158,161.6632,64889697
2020-02-04,160.7473,161.8315,160.4806,161.5055,120020466
2020-02-05,162.4124,162.6527,160.8385,161.6743,91771643
2020-02-06,163.1997,165.1691,163.9111,163.9504,101150754
2020-02-07,163.8378,164.7626,162.8511,164.3487,85255523
2020-02-10,164.3892,164.9721,163.6517,164.1853,98669304
2020-02-11,164.4124,164.7938,163.9363,164.7019,96106342
2020-02-12,162.8103,163.9569,161.9537,163.5536,55190828
2020-02-13,162.1207,161.6471,160.498,161.1316,92874755
2020-02-14,163.0332,164.1308,163.3757,163.5238,109796637
2020-02-17,150.8079,152.1601,150.0468,150.8967,126986809
2020-02-18,148.1271,149.0041,147.6874,148.2201,94487683
2020-02-19,145.0081,145.5501,143.7894,144.6994,54376192
2020-02-20,141.4035,141.6727,140.3406,141.2075,57829539
2020-02-21,136.4489,137.1341,136.3237,136.7878,67219770
2020-02-24,133.5543,133.9805,133.3382,133.6849,86298498
2020-02-25,131.0253,131.1532,130.2551,131.1145,76182531
2020-02-26,125.1199,126.1656,123.17,124.8391,51036129
2020-02-27,122.0358,122.5352,122.2479,122.4643,50914034
2020-02-28,120.1012,119.4003,119.2383,119.3762,34557269
2020-03-02,114.998,115.497,114.8559,115.2602,22971094
2020-03-03,113.3408,113.3686,113.1027,113.3437,75892199
2020-03-04,110.6616,111.0852,110.8226,111.0473,202374265
2020-03-05,108.4066,108.9742,108.5104,108.8296,164143073
2020-03-06,107.1354,107.4857,106.6017,107.4168,54094583
2020-03-09,102.9377,103.9312,102.3749,103.2378,84943637
2020-03-10,102.6609,105.3787,101.3304,102.7885,44531412
2020-03-11,98.5622,100.2918,97.6828,98.8521,47331821
2020-03-12,92.3597,92.5401,91.228,92.1672,49552741
2020-03-13,91.6474,93.9261,90.4257,91.8629,73099911
2020-03-16,87.445,91.163,87.3102,87.6798,74369267
2020-03-17,85.5903,90.5231,83.2447,85.6913,88509281
2020-03-18,84.4439,84.8867,82.5215,84.1928,104304362
2020-03-19,83.6856,85.985,82.5311,83.6317,69914583
2020-03-20,80.3185,80.6794,79.4181,80.3425,81166891
2020-03-23,73.2006,73.821,71.9591,73.516,51650590
2020-03-24,72.6877,73.9939,72.1612,72.9373,46722592
2020-03-25,70.0339,71.7183,69.7381,70.303,43922982
2020-03-26,74.4437,74.6487,72.2772,74.1524,103723194
2020-03-27,73.6005,73.5043,72.6599,73.4835,69885870
2020-03-30,74.3769,75.1256,72.875,74.5694,37848014
2020-03-31,70.7956,71.8738,70.0361,70.9156,78006413
2020-04-01,68.0222,70.7902,66.3492,68.1909,48545334
2020-04-02,66.7888,67.1161,65.1074,66.9665,155427309
2020-04-03,69.3838,71.8575,69.1117,69.2881,63465594
2020-04-06,68.9798,69.9387,68.9949,69.0393,105070234
2020-04-07,62.2093,62.4883,61.6035,61.8221,123669396
2020-04-08,62.9523,62.7851,62.207,62.7166,54601166
2020-04-09,70.2804,70.459,69.1257,70.0048,82470898
2020-04-10,68.9097,69.5153,68.3094,68.7711,99824515
2020-04-13,68.5919,68.9529,68.5169,68.679,83784255
2020-04-14,69.0871,71.3925,68.292,68.9633,92431417
2020-04-15,70.9186,72.8551,70.3258,70.9929,47001281
2020-04-16,72.3297,72.5472,71.82,71.9768,99847210
2020-04-17,74.4422,75.0123,73.8052,74.352,65861954
2020-04-20,74.74,76.1127,74.5343,74.6812,92001706
2020-04-21,78.3252,78.3115,76.6879,78.2954,115586847
2020-04-22,78.4269,78.5382,78.0043,78.0186,104537936
2020-04-23,79.0661,79.6129,79.3095,79.4069,91974790
2020-04-24,79.0913,78.6622,78.3615,78.6564,103428231
2020-04-27,77.7127,78.364,76.7995,77.7561,105360842
2020-04-28,75.8472,77.6329,75.1404,76.1678,145507422
2020-04-29,76.0943,76.8457,76.0834,76.2662,78917764
2020-04-30,76.0561,76.4915,76.1693,76.4337,85422491
2020-05-01,76.7133,76.5659,76.2823,76.5631,116146619
2020-05-04,76.7131,77.3716,76.9422,76.9524,65750783
2020-05-05,78.8754,79.7613,78.1566,78.8355,46895402
2020-05-06,79.5625,79.3447,78.3559,79.2922,97447980
2020-05-07,78.9708,79.3798,78.7748,79.1301,73671583
2020-05-08,80.5834,80.9938,80.1548,80.6482,49353844
2020-05-11,78.6624,79.4824,78.3418,78.9706,97733404
2020-05-12,79.0612,79.314,78.7966,79.1534,141808824
2020-05-13,72.9978,73.9294,72.3304,72.4363,41684510
2020-05-14,74.9958,76.021,74.2853,74.8209,120416507
2020-05-15,73.7639,73.9405,72.4237,73.8225,28997210
2020-05-18,74.1862,75.3664,73.7079,74.3225,68163687
2020-05-19,73.2348,73.4137,73.1096,73.2442,167039949
2020-05-20,74.875,74.957,74.6863,74.8458,70154293
2020-05-21,74.725,75.8985,73.1838,74.819,82930424
2020-05-22,75.1502,75.856,74.7786,75.0308,108545898
2020-05-25,73.7789,74.6721,72.7339,73.9902,40263172
2020-05-26,75.5098,76.0973,75.4092,75.7273,82340620
2020-05-27,76.9298,76.8455,76.2683,76.8444,82081434
2020-05-28,78.2036,78.5832,78.37,78.4783,168503247
2020-05-29,78.5975,79.5022,77.6602,78.4258,48799999
2020-06-01,77.5485,77.7066,76.3722,77.5518,68676763
2020-06-02,80.8593,82.0078,80.3568,81.3039,55184621
2020-06-03,83.313,83.6264,82.6905,83.2856,52892519
2020-06-04,84.3374,85.0349,84.5245,84.7649,125585616
2020-06-05,83.9217,83.9697,82.9245,83.7473,80857410
2020-06-08,86.0753,86.3396,83.4277,86.1395,64058693
2020-06-09,85.2318,86.4806,83.822,84.7598,65032573
2020-06-10,88.7162,88.5133,87.1745,88.4315,63862721
2020-06-11,91.9378,94.4528,89.7586,92.2308,66188409
2020-06-12,96.0533,98.3073,95.6347,96.6373,48242891
2020-06-15,93.2362,94.1635,93.1349,93.4476,72134672
2020-06-16,98.6181,101.5204,96.6026,98.9801,69293004
2020-06-17,99.893,101.0806,97.4451,99.3474,59080915
2020-06-18,104.3305,104.5438,104.2168,104.3337,85118562
2020-06-19,104.4776,105.5738,103.5844,104.1854,88056832
2020-06-22,109.51,109.7141,107.5659,109.6037,64031026
2020-06-23,109.2331,109.7473,109.1038,109.292,75518146
2020-06-24,109.6076,109.7575,109.5079,109.6183,189706117
2020-06-25,110.4692,110.5656,109.6978,110.1031,186830154
2020-06-26,112.6736,113.1122,112.3889,112.5684,52477817
2020-06-29,114.1215,115.3435,113.7725,114.484,55492485
2020-06-30,115.7338,115.4902,115.1389,115.1718,52366408
2020-07-01,116.3861,116.8104,115.8555,116.4884,122100955
2020-07-02,118.0741,118.8525,117.2993,118.2355,68211618
2020-07-03,117.1889,118.6177,118.1876,118.1879,88049251
2020-07-06,118.9615,119.492,118.6235,118.7353,177827426
2020-07-07,118.7519,118.7539,118.1434,118.7159,79665826
2020-07-08,119.9157,119.9341,118.8473,119.8798,106115287
2020-07-09,117.627,120.6764,116.1591,117.7692,98513631
2020-07-10,119.2018,120.2494,118.8625,119.4077,63227522
2020-07-13,122.4849,123.5344,120.9262,122.6208,122203944
2020-07-14,123.8243,124.5016,122.2888,123.6524,56948440
2020-07-15,125.9413,128.2252,124.7118,125.7,136725948
2020-07-16,126.1443,128.2739,125.5738,126.2318,63246908
2020-07-17,125.8587,126.7789,123.5989,125.5009,66078243
2020-07-20,123.8436,124.186,123.0547,123.8729,51760717
2020-07-21,126.02,126.8449,124.8367,126.2107,55275118
2020-07-22,126.7068,127.0973,124.1445,126.6314,67445570
2020-07-23,129.9652,132.2969,129.2454,130.4963,30249728
2020-07-24,131.7207,133.9852,130.9224,131.6288,72871214
2020-07-27,131.6312,132.686,132.0616,132.2416,65289872
2020-07-28,129.937,130.4186,129.7942,130.3383,109730907
2020-07-29,129.1054,130.4118,129.5539,129.8897,94747828
2020-07-30,132.1787,132.2722,132.1647,132.2481,60278269
2020-07-31,133.9743,133.8086,133.1074,133.3289,66593457
2020-08-03,132.5314,133.6042,132.5039,132.578,72833748
2020-08-04,134.3053,134.2007,133.8798,134.0463,144952957
2020-08-05,134.8954,134.5325,133.8861,133.9468,57575939
2020-08-06,138.1544,138.2291,137.7942,137.9871,59986669
2020-08-07,136.1494,138.7339,135.9822,136.4623,50937173
2020-08-10,132.4639,133.9566,132.0619,132.7136,44221488
2020-08-11,130.8457,131.0713,130.392,130.8454,90452792
2020-08-12,130.5218,131.1414,129.966,130.7699,86763668
2020-08-13,134.1937,136.7199,134.1018,134.4186,133637562
2020-08-14,134.3179,134.4939,132.3805,133.9215,121339237
2020-08-17,134.9799,134.8311,134.1988,134.565,208694888
2020-08-18,134.617,135.4295,135.1777,135.2838,77670655
2020-08-19,135.5463,135.925,135.5302,135.8794,72082753
2020-08-20,136.2073,136.4449,136.3167,136.397,47557337
2020-08-21,137.2379,137.8555,136.5633,136.9914,105705603
2020-08-24,138.2366,138.3612,137.6971,137.7634,83884456
2020-08-25,139.607,138.7603,137.9117,138.48,103806974
2020-08-26,138.8932,139.2156,138.6212,139.0874,50722872
2020-08-27,140.0021,140.2559,140.0686,140.1768,92080971
2020-08-28,140.1346,140.5713,139.5057,139.8874,86843398
2020-08-31,140.5868,142.263,140.7564,140.8748,84575163
2020-09-01,140.973,141.8325,140.4774,141.0326,60868772
2020-09-02,140.9037,142.1384,140.0744,141.0792,128735060
2020-09-03,139.4887,140.9966,140.4829,140.5901,181662335
2020-09-04,140.6943,141.2829,140.5841,140.6423,51310172
2020-09-07,140.8334,140.9995,140.8829,140.9105,106719535
2020-09-08,141.7851,141.5332,141.0214,141.2454,25302079
2020-09-09,141.807,142.0401,141.7401,141.8047,104529634
2020-09-10,141.0937,141.7326,141.4831,141.6258,37862636
2020-09-11,139.4963,139.6328,138.533,139.6043,64847586
2020-09-14,139.3568,140.6184,139.9462,140.2338,47314498
2020-09-15,138.388,139.4987,138.8469,138.8916,73389585
2020-09-16,138.9599,139.0372,138.6335,138.6952,111893118
2020-09-17,138.8813,139.1452,138.9544,138.9844,38057620
2020-09-18,139.5303,140.8277,138.9595,139.1447,69285438
2020-09-21,138.1757,140.8945,137.518,138.9934,65149141
2020-09-22,136.9889,137.3618,135.6269,137.0886,150572712
2020-09-23,137.7882,138.5261,137.5785,137.9849,95081178
2020-09-24,135.4948,136.9963,134.2429,135.1069,49955858
2020-09-25,135.7739,136.0804,134.571,135.5002,66254864
2020-09-28,140.7691,144.4249,139.2491,140.4981,149077801
2020-09-29,139.9823,142.6527,131.9825,139.3364,106460365
2020-09-30,143.2729,150.0547,141.7345,143.4312,55408513
2020-10-01,147.9826,150.9032,143.7373,147.391,71894403
2020-10-02,149.1603,150.2129,148.7701,149.6283,72819441
2020-10-05,159.0178,163.9211,156.4779,159.5343,64510878
2020-10-06,160.7919,163.9582,159.4801,160.4292,40364140
2020-10-07,162.3493,163.9961,160.8335,163.0838,61006349
2020-10-08,167.2016,170.828,165.8121,166.9145,139450033
2020-10-09,161.1291,164.0745,160.4333,161.0801,68687610
2020-10-12,162.8536,162.7952,162.1531,162.3308,76763186
2020-10-13,161.0851,161.3215,160.968,161.1138,84625606
2020-10-14,160.9826,161.4574,160.9097,160.9555,194276653
2020-10-15,161.192,161.4014,160.7374,160.9459,80284497
2020-10-16,159.4567,161.1206,159.0706,159.774,123916106
2020-10-19,156.1748,157.2086,155.2422,156.506,62976054
2020-10-20,156.736,156.8137,156.0006,156.5131,72115350
2020-10-21,154.9752,156.0277,154.4355,154.9888,80402697
2020-10-22,155.0301,155.9516,154.9042,155.2197,58696110
2020-10-23,155.2406,155.5141,155.1674,155.2792,73739567
2020-10-26,156.7679,156.8173,154.897,156.0197,114119598
2020-10-27,153.1702,154.0986,152.9647,153.374,58083452
2020-10-28,153.1706,153.9381,153.2393,153.3876,80002849
2020-10-29,150.5048,152.7685,150.5322,151.2777,106220811
2020-10-30,153.0268,153.3097,152.61,153.0462,57526183
2020-11-02,154.3847,154.2737,154.039,154.0808,123988913
2020-11-03,155.5052,155.4874,154.7582,155.1156,82366600
2020-11-04,155.2861,155.2849,154.4954,155.2357,74886797
2020-11-05,149.6178,150.5245,148.3462,149.1894,35829354
2020-11-06,158.5225,160.3918,155.8978,158.1751,68894865
2020-11-09,157.0196,157.196,155.1454,156.4962,92820136
2020-11-10,160.7884,162.6595,159.0423,160.3143,160800528
2020-11-11,163.4594,162.8554,162.0128,162.6913,100402016
2020-11-12,167.0486,167.9532,164.7013,167.1337,125526027
2020-11-13,164.8229,168.2744,164.4874,165.4804,49322718
2020-11-16,169.3952,170.3311,167.0381,169.0583,76042898
2020-11-17,176.143,177.0277,174.5987,175.731,130363305
2020-11-18,174.047,173.6991,172.0823,173.2292,56088635
2020-11-19,173.4083,174.5749,172.7229,172.743,117697254
2020-11-20,176.2705,176.8322,172.3388,175.2447,107270510
2020-11-23,181.0387,184.7468,180.394,180.7024,89292374
2020-11-24,181.779,185.3122,179.5079,181.6543,70143671
2020-11-25,181.4065,183.0833,179.9349,182.1618,53920383
2020-11-26,183.1631,183.2327,182.1687,182.9939,162743989
2020-11-27,183.2761,185.2911,183.0454,183.5801,103004393
2020-11-30,182.6519,183.1812,182.026,182.536,91677142
2020-12-01,181.7753,182.0409,179.953,181.7455,67822007
2020-12-02,184.0557,184.3185,181.1152,183.7954,81221117
2020-12-03,185.1219,185.446,184.2361,185.1759,85448473
2020-12-04,189.0391,189.3891,187.583,188.5096,93876201
2020-12-07,187.8779,190.4177,189.322,189.419,107314389
2020-12-08,188.6108,189.1393,186.0862,188.5033,58500659
2020-12-09,191.5675,191.6698,190.2154,190.8776,44495490
2020-12-10,198.7953,197.8731,196.547,197.6831,82742963
2020-12-11,197.077,196.921,195.4329,196.6447,39771067
2020-12-14,195.5356,196.7604,194.1516,194.5498,70285269
2020-12-15,191.2213,192.3433,190.6412,191.1244,65258134
2020-12-16,192.3407,192.8353,191.838,192.3391,97390231
2020-12-17,192.4715,192.1892,191.6863,192.166,176808185
2020-12-18,192.0911,193.1357,191.2621,192.0929,36751916
2020-12-21,191.7537,193.1426,190.5719,192.2043,198681024
2020-12-22,192.4068,192.9295,190.1482,192.7045,72878711
2020-12-23,197.3752,198.3993,195.7662,198.0349,91941279
2020-12-24,196.7703,197.3405,194.2383,196.4586,45426415
2020-12-25,195.5072,195.728,195.3939,195.5005,119196723
2020-12-28,192.7142,195.7828,190.9369,192.9226,81338190
2020-12-29,196.9604,197.4936,197.0527,197.2955,78057026
2020-12-30,197.6735,198.1111,194.5523,197.3743,36857996
2020-12-31,196.3966,196.4705,194.1936,195.9373,82396697
2021-01-01,191.9473,194.7451,190.6027,192.5994,112208412
2021-01-04,192.2654,193.9285,192.9578,193.0096,72785385
2021-01-05,192.6906,194.038,189.3032,192.1396,127958548
2021-01-06,188.0496,190.9971,187.6685,188.8269,125861828
2021-01-07,193.2546,196.4566,187.9805,192.9375,61904228
2021-01-08,200.3388,199.7315,196.6795,199.3694,151422232
2021-01-11,201.036,203.4698,195.3114,200.0618,81462648
2021-01-12,206.8679,214.7334,205.3013,206.4105,81607790
2021-01-13,205.3253,212.0082,201.9132,204.8891,83230937
2021-01-14,218.4705,218.2648,212.7552,216.9996,82249140
2021-01-15,215.6472,217.532,216.5389,217.1627,27937595
2021-01-18,212.3253,214.2254,211.6842,212.6212,74278688
2021-01-19,213.8844,214.3816,212.139,213.3406,46360511
2021-01-20,215.7807,216.5018,213.6726,215.9991,153325163
2021-01-21,218.3295,218.9699,216.4174,217.519,150876229
2021-01-22,215.7143,216.8147,210.7951,215.7397,112482985
2021-01-25,221.0289,223.602,217.6414,220.9416,72721687
2021-01-26,224.4166,225.0672,222.9987,224.6016,53453956
2021-01-27,229.8442,232.3065,227.9758,230.2048,61497359
2021-01-28,229.6433,230.2358,229.9984,230.0206,174004889
2021-01-29,231.6041,232.4535,230.9423,231.4158,60651700
2021-02-01,231.3076,233.423,231.6654,231.8457,31180362
2021-02-02,231.4506,231.1167,230.2922,230.7897,120794751
2021-02-03,231.2111,231.6732,230.4437,230.7584,145798842
2021-02-04,234.6143,233.8648,233.6375,233.8417,155355013
2021-02-05,233.1422,234.5313,233.9259,233.9331,121190760
2021-02-08,229.8019,231.6758,230.3987,230.9765,129364565
2021-02-09,228.2657,229.1658,227.5141,228.2686,81711950
2021-02-10,231.6081,230.0361,229.1005,229.6027,34865869
2021-02-11,234.3982,236.8342,231.4525,233.5095,80897186
2021-02-12,231.3324,232.718,230.6872,231.7175,102581309
2021-02-15,233.0782,235.9823,231.1689,232.7816,75786381
2021-02-16,238.8845,245.6761,237.9333,238.3637,74417578
2021-02-17,236.2706,237.5059,232.9819,237.2425,54400830
2021-02-18,238.9697,238.9905,237.5798,237.9898,53588320
2021-02-19,233.3605,233.8072,232.1226,233.4778,166881843
2021-02-22,232.4459,233.0422,231.5154,232.5092,169315727
2021-02-23,231.9907,232.1377,231.7638,231.9741,79915336
2021-02-24,233.8639,233.0908,233.0461,233.0623,89535578
2021-02-25,233.6854,235.2738,232.492,234.2154,54037778
2021-02-26,234.0164,237.5343,233.2255,235.2178,103446707
2021-03-01,235.6313,235.5726,235.3754,235.4031,161723211
2021-03-02,234.602,236.3134,234.8728,236.0448,43394570
2021-03-03,228.1292,229.4718,227.3576,228.3354,96310751
2021-03-04,232.0886,231.6654,231.0096,231.2637,99249366
2021-03-05,232.7978,233.2347,232.1665,232.3937,98797197
2021-03-08,236.6092,237.0085,235.6684,235.8704,154339342
2021-03-09,241.5697,241.2969,239.0764,241.1206,180626961
2021-03-10,243.6022,242.6835,241.4188,241.8471,72866803
2021-03-11,237.3937,238.6593,236.5186,237.813,104720626
2021-03-12,234.3366,234.1612,233.6272,234.0569,82741402
2021-03-15,233.6281,234.0784,233.7826,233.9354,62126990
2021-03-16,235.8173,235.4867,235.0187,235.1414,89152848
2021-03-17,233.0807,233.7862,232.2073,233.1237,104650522
2021-03-18,229.3949,228.2772,227.5023,228.215,87251792
2021-03-19,227.1719,229.8121,226.6936,227.5339,56235832
2021-03-22,226.8231,229.1877,224.5438,225.8676,66460140
2021-03-23,228.8374,230.2819,227.3207,228.4305,66663905
2021-03-24,224.7632,225.6286,223.0207,224.7851,57113987
2021-03-25,225.3634,225.0604,224.849,224.9969,90689580
2021-03-26,225.1734,225.4627,224.8173,224.997,94563491
2021-03-29,225.5586,225.943,224.7644,225.3179,118372173
2021-03-30,224.7984,224.9798,224.5743,224.938,56768278
2021-03-31,224.6218,225.4144,223.9132,225.0951,63499698
2021-04-01,224.5013,225.004,224.5961,224.7271,148986308
2021-04-02,223.9904,225.5828,224.849,225.1243,74905572
2021-04-05,229.6463,229.9542,228.9936,229.067,80970026
2021-04-06,228.0085,229.6779,226.4525,228.855,74588410
2021-04-07,228.7723,229.4418,228.4132,228.9218,125868657
2021-04-08,233.3515,233.0455,232.829,232.8983,127836244
2021-04-09,230.6708,230.3178,228.786,230.0906,124874580
2021-04-12,230.7085,232.3584,231.25,231.9401,80854696
2021-04-13,234.569,234.9125,234.0082,234.6336,56432895
2021-04-14,235.1548,235.1691,234.2989,234.8307,172796027
2021-04-15,234.7773,234.9119,234.5407,234.7407,112679806
2021-04-16,235.3622,235.1971,234.1736,234.4151,66643868
2021-04-19,236.0315,237.6486,235.636,236.6142,141394544
2021-04-20,233.9765,236.7899,235.2099,235.4192,64572141
2021-04-21,238.3707,238.0811,236.202,237.792,140654706
2021-04-22,237.3807,239.4112,237.2967,237.7635,144508809
2021-04-23,238.0183,239.4891,238.7457,239.2773,55336544
2021-04-26,238.2097,238.5813,237.8261,238.323,100960561
2021-04-27,239.8958,239.9528,238.8207,239.0118,109388188
2021-04-28,239.3709,240.7211,238.8181,240.2798,227691197
2021-04-29,238.9181,239.6528,237.1572,237.2496,59448250
2021-04-30,238.9626,240.7985,238.4844,239.5641,141888841
2021-05-03,245.2424,245.3296,245.1361,245.1784,80557002
2021-05-04,244.0468,247.1016,244.7774,244.941,48690355
2021-05-05,247.6187,247.7218,246.9308,247.5878,76251094
2021-05-06,248.0927,248.232,247.3473,248.1923,80078911
2021-05-07,244.3928,245.944,245.4171,245.4873,52377156
2021-05-10,244.1663,242.5845,241.8425,242.1051,90640042
2021-05-11,242.7834,243.5049,242.8289,243.1445,117348757
2021-05-12,243.35,244.2217,243.5967,243.7112,87997367
2021-05-13,242.0296,241.9397,240.9748,241.327,64411294
2021-05-14,246.6725,245.3596,244.1609,245.3336,75387223
2021-05-17,245.6472,244.9486,244.1597,244.8185,79854744
2021-05-18,240.4706,241.6547,239.501,241.3387,87265507
2021-05-19,244.088,244.4991,242.6214,243.9314,124705996
2021-05-20,244.997,246.8839,246.2574,246.3838,89192997
2021-05-21,246.9604,250.4189,244.6695,246.2932,45647460
2021-05-24,245.1802,247.2592,244.8715,246.3859,63885869
2021-05-25,243.6226,245.0358,242.0456,244.2103,85493047
2021-05-26,246.7618,250.3139,246.48,246.7642,125421043
2021-05-27,249.1545,249.1685,248.239,248.8221,134446346
2021-05-28,252.7982,255.2322,251.7526,252.9962,162698821
2021-05-31,254.0373,253.2246,252.3152,252.8823,84290772
2021-06-01,253.6523,254.0579,252.3381,253.1025,108565133
2021-06-02,252.0473,253.3322,248.9724,251.5603,44712004
2021-06-03,242.7099,244.2946,237.0534,243.6067,95009725
2021-06-04,248.7697,248.7984,244.37,247.5047,52035230
2021-06-07,247.1157,247.9397,247.6396,247.7118,78023569
2021-06-08,249.8791,248.8174,248.1482,248.5799,268798489
2021-06-09,250.6954,249.6267,248.947,249.1792,90328075
2021-06-10,249.2763,249.1287,248.7425,248.8932,56627874
2021-06-11,249.4887,248.9979,248.5092,248.7175,94173821
2021-06-14,251.7824,254.7908,253.3085,254.1219,65052625
2021-06-15,255.1426,257.112,254.4393,255.2919,54474297
2021-06-16,259.6331,258.9166,257.6121,258.7761,185542218
2021-06-17,260.853,262.94,259.5288,260.1305,122578475
2021-06-18,257.4636,260.7288,256.9515,258.4074,91857759
2021-06-21,268.3393,269.2008,268.1452,268.5759,68394835
2021-06-22,260.0989,262.7308,258.6387,262.0855,70648073
2021-06-23,263.2353,263.2446,262.2934,262.9094,148267693
2021-06-24,259.0821,264.1198,258.5103,260.55,90437377
2021-06-25,265.0414,264.1904,263.832,264.144,23310515
2021-06-28,264.9021,264.1403,263.335,263.9638,210692988
2021-06-29,263.1675,263.7922,262.8404,263.5422,86077803
2021-06-30,267.5489,267.6553,267.1064,267.1309,91778148
2021-07-01,263.0673,263.2692,262.4346,263.2387,123557243
2021-07-02,270.544,272.2902,269.3305,270.3478,96369307
2021-07-05,275.044,276.8894,275.2994,275.9923,107855253
2021-07-06,276.7468,276.5357,275.6866,276.2305,67527657
2021-07-07,275.6886,279.9287,273.8853,277.0493,48916193
2021-07-08,271.4176,275.034,272.6686,272.9117,89489361
2021-07-09,273.176,273.4742,270.9942,273.2759,141836146
2021-07-12,272.9942,273.3463,272.7176,273.1673,61738369
2021-07-13,272.8776,273.3165,268.706,272.6548,59788721
2021-07-14,273.0502,274.1898,271.9828,273.5828,130377532
2021-07-15,274.3907,274.8511,272.8042,272.8428,66628242
2021-07-16,273.0287,273.1957,272.8485,272.8972,67884156
2021-07-19,273.1978,273.2016,272.9651,273.007,68907768
2021-07-20,269.0698,268.9769,268.7908,268.9106,77947400
2021-07-21,269.1256,268.9577,267.1375,268.3171,42630561
2021-07-22,270.9599,270.5805,270.3904,270.492,64475840
2021-07-23,266.895,266.8417,264.5245,266.5413,87722098
2021-07-26,263.4446,263.2444,262.731,262.8636,87472268
2021-07-27,264.1721,266.4073,264.9989,265.6221,127131737
2021-07-28,266.5728,268.602,266.4237,268.0056,166964885
2021-07-29,276.3788,276.9832,271.6257,276.4419,146499206
2021-07-30,274.2862,275.6174,273.9145,274.4489,115340380
2021-08-02,274.8431,274.7385,273.1281,274.3655,75379307
2021-08-03,272.5329,273.3643,271.9694,272.5165,62352203
2021-08-04,274.0783,274.9812,272.5539,273.6003,80574160
2021-08-05,270.3281,272.9893,270.1505,271.3401,101114965
2021-08-06,275.0627,276.777,274.2838,275.0716,111141232
2021-08-09,272.7414,277.5705,270.4153,273.8409,102643408
2021-08-10,273.324,276.3367,266.4216,273.007,76214859
2021-08-11,271.8344,277.1117,267.626,273.3705,109592783
2021-08-12,274.4036,277.1222,270.6547,274.117,132472574
2021-08-13,276.1773,283.9599,277.2133,277.3971,113759979
2021-08-16,283.5741,286.621,282.9006,283.9005,78982113
2021-08-17,287.9115,287.9547,283.8749,287.1395,57310689
2021-08-18,288.8792,292.5636,283.128,288.6822,56769525
2021-08-19,286.6854,291.7777,283.1349,288.1042,60918663
2021-08-20,285.6782,290.8783,285.9832,286.2551,88664245
2021-08-23,275.0387,279.797,274.8907,276.2803,98489321
2021-08-24,275.6376,279.3572,270.7151,277.0426,45431863
2021-08-25,278.6248,278.8585,278.3581,278.5265,65393874
2021-08-26,287.8481,289.6449,285.98,287.3647,88176529
2021-08-27,297.5219,301.3757,291.0171,297.1289,55821252
2021-08-30,301.0572,303.4871,299.66,300.5134,95162722
2021-08-31,301.9962,303.0769,301.558,302.007,70743122
2021-09-01,302.3458,302.9078,302.3148,302.5939,59898923
2021-09-02,303.3637,304.3889,303.2458,304.3418,81720820
2021-09-03,304.3349,304.9314,303.5038,304.7369,93591425
2021-09-06,302.845,304.7148,302.8739,304.0479,56975142
2021-09-07,304.4311,305.3233,305.2017,305.204,72601216
2021-09-08,303.1677,303.6895,302.9474,303.0868,96457064
2021-09-09,303.8607,305.2074,303.4422,303.9681,58979537
2021-09-10,307.6711,305.9097,304.471,304.8553,41220013
2021-09-13,302.9633,305.5341,303.3994,304.189,43267297
2021-09-14,305.6178,306.3441,305.7205,305.7326,67681054
2021-09-15,304.9551,306.2766,306.1764,306.2604,47212530
2021-09-16,305.4275,305.9858,305.4239,305.7831,69612063
2021-09-17,304.5109,305.3409,304.5727,304.8281,155711319
2021-09-20,308.4124,307.6831,307.5899,307.6317,46089597
2021-09-21,306.2118,307.4102,303.2562,306.6251,71449056
2021-09-22,302.4514,302.8844,302.3489,302.625,187719430
2021-09-23,301.5977,303.5672,300.871,301.9873,94186670
2021-09-24,301.1789,302.5189,302.0425,302.4475,69057350
2021-09-27,302.1335,303.7738,302.1177,302.7251,75134029
2021-09-28,302.8769,303.6655,302.9872,303.2241,94990001
2021-09-29,303.6689,304.4632,303.4234,303.6016,157643382
2021-09-30,305.7248,306.3369,305.0897,305.2126,64695082
2021-10-01,304.9749,305.8042,304.1438,305.1896,59085321
2021-10-04,303.9939,305.8304,303.7318,304.224,46085720
2021-10-05,303.4522,305.656,303.8786,305.0228,83368042
2021-10-06,306.9301,306.9329,305.5415,306.4336,45592885
2021-10-07,304.6967,305.9193,304.8662,305.3335,66454239
2021-10-08,308.7932,310.4173,306.4088,308.1018,55620578
2021-10-11,308.6375,309.3982,306.3898,307.421,122937492
2021-10-12,307.8221,308.0199,307.843,307.9957,65278849
2021-10-13,303.9548,307.6184,303.4818,304.8894,93765667
2021-10-14,305.3797,305.9138,302.7314,305.395,42114404
2021-10-15,305.3042,307.6507,303.1149,304.985,84320871
2021-10-18,303.9308,305.0924,303.7701,304.2186,49440133
2021-10-19,301.9703,302.8423,300.6097,302.4817,67475679
2021-10-20,301.0712,303.62,300.437,300.5626,193738180
2021-10-21,302.391,303.5657,299.2971,301.94,116151617
2021-10-22,302.7701,303.9937,302.6819,303.0848,75994548
2021-10-25,304.1153,308.0213,305.1792,305.6281,287609425
2021-10-26,301.8891,302.362,300.8422,301.4761,55476347
2021-10-27,296.8202,299.5067,295.4221,297.5042,127499594
2021-10-28,296.7149,297.9394,292.6913,296.5242,43334836
2021-10-29,288.4579,291.5827,284.8496,288.3271,72563172
2021-11-01,288.32,290.5632,289.509,289.9585,46661095
2021-11-02,291.3785,293.0266,289.679,291.3076,88671364
2021-11-03,294.8446,294.6492,294.0578,294.3898,81811247
2021-11-04,294.3316,294.1214,292.0692,293.7696,70736429
2021-11-05,295.0637,295.6734,292.6055,294.9598,123822544
2021-11-08,291.4348,295.6348,291.5432,293.1686,63763890
2021-11-09,297.2129,297.254,295.3404,296.0764,91173777
2021-11-10,283.62,286.4118,282.7911,283.2705,111079772
2021-11-11,284.672,289.3437,281.4744,285.7015,44200590
2021-11-12,278.0768,279.0099,275.3496,278.7347,59303059
2021-11-15,265.5842,269.2211,264.999,265.4,81742251
2021-11-16,264.7672,266.886,264.154,264.2278,102933999
2021-11-17,261.8238,263.1888,259.9493,262.2074,141248639
2021-11-18,254.9748,255.4644,252.8991,254.3441,73381709
2021-11-19,255.3792,257.1765,255.6941,256.7564,70487699
2021-11-22,254.2925,256.2053,254.1482,255.089,56429282
2021-11-23,263.2978,266.9508,258.4893,264.9335,91288084
2021-11-24,264.8532,273.1178,261.4662,265.5672,71035489
2021-11-25,258.8308,259.1038,251.9699,257.6624,71694478
2021-11-26,257.6243,258.0795,254.529,256.0388,77051284
2021-11-29,256.0041,258.5196,248.5942,255.824,99751077
2021-11-30,257.9759,264.7745,258.3336,258.4705,63849861
2021-12-01,257.9563,260.4845,249.7325,258.1279,58742494
2021-12-02,240.6464,245.5057,231.7452,240.3049,95079778
2021-12-03,231.2736,235.5117,222.7135,232.3605,23848866
2021-12-06,221.9819,234.0758,220.7469,222.3635,62837709
2021-12-07,224.3506,224.7926,217.898,223.387,50476245
2021-12-08,220.1518,223.7865,216.0995,220.8435,129454559
2021-12-09,236.4154,241.837,236.4659,236.9473,67064411
2021-12-10,248.6451,252.3489,243.822,248.6353,63926896
2021-12-13,245.8958,246.8838,244.0829,245.687,78459113
2021-12-14,243.8899,248.9368,241.7201,244.3476,63046822
2021-12-15,253.6533,253.8045,250.1353,253.5947,68099329
2021-12-16,256.2506,264.8662,242.7338,255.7836,83168677
2021-12-17,267.2963,269.0547,261.1236,265.7281,67573132
2021-12-20,292.3631,295.5269,286.1294,292.4739,67379421
2021-12-21,297.9708,309.8331,297.4062,298.0077,53408161
2021-12-22,299.7515,303.0483,296.8194,298.3811,50426313
2021-12-23,295.9801,303.202,295.562,296.4682,81964103
2021-12-24,302.4194,315.6616,302.4388,303.6233,90438208
2021-12-27,272.615,277.5172,272.276,272.4104,45184945
2021-12-28,266.0562,266.075,262.749,265.1987,108418983
2021-12-29,257.0422,258.4223,256.1267,256.7639,108597207
2021-12-30,244.0723,247.5057,243.0282,244.1434,118143772
2021-12-31,240.0488,242.4328,239.1045,241.0942,90195746
2022-01-03,238.5576,239.8169,234.1274,238.5993,103219674
2022-01-04,240.0718,240.4882,236.229,239.1853,191720191
2022-01-05,241.2718,242.4334,241.8431,242.1667,70910462
2022-01-06,233.0456,233.5849,227.2157,233.2168,52654412
2022-01-07,230.562,231.626,225.4751,230.8301,43310828
2022-01-10,212.3724,214.9779,206.306,212.8173,161466260
2022-01-11,210.8734,212.6075,206.1553,210.7166,162315429
2022-01-12,209.7708,209.8248,208.5228,209.492,55267594
2022-01-13,209.552,209.3604,207.5742,209.2801,59805540
2022-01-14,208.6781,210.2082,204.7155,209.2905,70275991
2022-01-17,213.0106,214.8306,212.8755,214.065,130546486
2022-01-18,212.854,213.0796,212.5781,212.6866,47803829
2022-01-19,211.3463,211.9702,211.5137,211.6674,36429497
2022-01-20,215.7515,214.8263,214.4756,214.5649,190381970
2022-01-21,219.2507,219.3246,217.5121,218.0146,90647281
2022-01-24,218.2805,220.4007,216.7018,216.9808,95946616
2022-01-25,216.72,217.372,209.8651,217.3321,73698631
2022-01-26,213.8405,213.7267,213.3944,213.4756,96384037
2022-01-27,211.6961,211.3016,211.1378,211.1437,43656155
2022-01-28,212.3969,211.9243,211.2511,211.9142,57148800
2022-01-31,212.1451,213.498,211.1564,212.3707,83436827
2022-02-01,210.5371,209.996,209.4375,209.7307,32254909
2022-02-02,208.8199,210.8288,207.0694,208.8196,70882217
2022-02-03,206.9166,207.3982,204.6091,206.8371,69155727
2022-02-04,205.8131,209.2157,206.0302,206.7648,70877323
2022-02-07,206.962,207.4676,206.1025,206.562,64173728
2022-02-08,206.9929,208.6095,205.9773,207.1547,53713795
2022-02-09,207.5472,208.0208,207.0875,207.258,38598518
2022-02-10,207.0927,207.6635,206.1856,206.9467,84768622
2022-02-11,207.9247,208.8961,207.6705,207.8119,70950116
2022-02-14,206.9907,207.3505,206.2821,207.0191,46150787
2022-02-15,207.4268,206.948,206.9211,206.9379,82026305
2022-02-16,206.556,207.0979,206.2564,206.6793,71097100
2022-02-17,205.7778,207.0537,206.4644,206.6781,66527610
2022-02-18,207.7826,207.4668,207.2935,207.4282,33759730
2022-02-21,209.5055,212.1239,209.8313,210.0146,105123267
2022-02-22,209.5704,210.6289,209.9982,210.4046,48852532
2022-02-23,208.7836,210.1718,209.3299,209.4248,82050485
2022-02-24,208.6651,208.6422,207.76,208.4878,57900108
2022-02-25,208.4156,209.2707,207.9524,208.476,68479609
2022-02-28,206.7539,209.8428,206.2829,208.081,126842179
2022-03-01,204.7644,206.1195,204.3615,205.0002,98955862
2022-03-02,206.0841,205.9224,203.244,205.3625,125718164
2022-03-03,201.1814,202.679,200.8617,201.4539,91302743
2022-03-04,201.9459,203.4601,201.6655,202.0462,93736163
2022-03-07,201.2908,201.8273,200.4329,200.6619,39235071
2022-03-08,207.9946,207.8253,206.5755,207.4989,70457989
2022-03-09,211.5526,211.006,210.026,210.9051,73117158
2022-03-10,208.4201,211.6779,209.4276,210.1609,130515574
2022-03-11,208.7216,210.9962,207.458,207.6389,65335458
2022-03-14,206.9773,208.5673,204.3154,206.5825,88940751
2022-03-15,207.7981,206.6134,206.2396,206.2693,87560464
2022-03-16,205.6137,206.1617,205.9464,206.0968,127115573
2022-03-17,204.7855,206.0846,205.4616,205.8717,75832654
2022-03-18,204.3202,205.584,204.1869,204.3158,111401569
2022-03-21,202.2057,202.5541,200.42,202.3728,40450563
2022-03-22,204.4117,207.2455,201.6319,204.0113,41947501
2022-03-23,202.0688,201.5553,199.8935,201.4183,32094635
2022-03-24,204.4554,204.9962,202.8472,204.509,109554333
2022-03-25,209.5727,213.2376,208.4735,209.7241,104741290
2022-03-28,215.5276,215.6854,214.2032,215.1899,114520937
2022-03-29,221.1297,222.5567,220.6449,221.2998,61012691
2022-03-30,217.3692,222.4203,215.4243,217.591,63854532
2022-03-31,215.7125,218.5152,211.9148,215.0424,76218756
2022-04-01,215.0076,217.3358,199.6854,214.1965,142523422
2022-04-04,220.4228,221.7731,218.4845,219.7072,157520858
2022-04-05,223.0559,225.7939,220.2291,223.1685,109897710
2022-04-06,219.5803,227.4717,218.8425,220.9944,91325908
2022-04-07,212.2222,212.5047,212.1502,212.3166,136480222
2022-04-08,208.2506,209.1178,204.9945,208.7247,72218023
2022-04-11,195.1995,197.2868,194.906,195.2754,68418962
2022-04-12,201.5383,204.16,194.7268,201.9445,75976021
2022-04-13,213.7421,220.4534,208.1611,213.7554,54084134
2022-04-14,232.8275,237.1442,232.8976,233.5546,74591226
2022-04-15,215.0637,219.5202,214.8454,215.8916,51165394
2022-04-18,220.4697,221.9226,209.0361,219.6625,120545799
2022-04-19,220.6445,226.9614,219.945,221.2873,99434744
2022-04-20,215.3067,218.1171,210.9651,215.3065,141719761
2022-04-21,209.533,209.33,208.5063,208.9339,41692177
2022-04-22,217.4945,218.3214,216.5992,216.8988,171178250
2022-04-25,220.1588,221.7991,218.2194,219.6344,42650392
2022-04-26,218.6813,221.2722,216.4017,218.4827,49536184
2022-04-27,221.7781,223.9917,221.2443,221.2969,62408283
2022-04-28,219.8638,219.1234,217.5069,218.96,134978419
2022-04-29,219.1284,218.8815,218.7408,218.8491,87554025
2022-05-02,217.8645,219.1833,218.8792,219.0686,72565886
2022-05-03,218.418,218.7984,218.524,218.7646,58263490
2022-05-04,218.4914,218.3422,217.772,218.0355,46138722
2022-05-05,217.7027,218.6962,217.7957,218.1126,125848344
2022-05-06,219.4467,218.5405,217.458,218.3827,110110272
2022-05-09,220.0522,220.849,219.7708,220.0939,137415170
2022-05-10,223.72,223.9087,223.4679,223.6628,93761458
2022-05-11,222.8386,223.8541,221.5235,222.088,27804160
2022-05-12,222.4617,222.701,221.5346,222.5838,48627706
2022-05-13,226.4167,227.7754,225.5297,226.297,96348820
2022-05-16,230.6432,230.1508,228.6308,230.0219,69002299
2022-05-17,231.1382,233.081,231.7528,232.1613,63974837
2022-05-18,229.8331,230.569,228.3327,230.0299,51456455
2022-05-19,228.1251,230.1905,224.8839,227.5584,116870029
2022-05-20,227.5988,227.5677,226.2633,227.554,96014928
2022-05-23,227.0164,226.4132,225.1839,226.0193,97758790
2022-05-24,225.7026,227.3384,226.7665,226.7722,62090049
2022-05-25,224.4219,226.2425,224.4929,225.5626,85844862
2022-05-26,229.7496,229.2479,228.265,229.2197,46848578
2022-05-27,233.4743,233.108,232.2491,232.8686,75951535
2022-05-30,231.4349,234.1171,231.2133,231.5691,29103394
2022-05-31,232.221,233.5191,231.3325,231.9423,42724826
2022-06-01,232.7636,232.417,232.153,232.2438,70323209
2022-06-02,232.1374,233.5035,232.553,232.7049,206866548
2022-06-03,232.4347,233.0186,232.4822,232.9281,38928608
2022-06-06,232.4467,233.3772,231.9931,232.3144,48647207
2022-06-07,233.2903,232.9502,232.0687,232.6584,87246422
2022-06-08,233.4786,237.3088,234.1978,234.2967,162356704
2022-06-09,233.9878,234.256,233.73,234.1268,86738308
2022-06-10,233.949,234.4631,233.5974,234.1205,105941110
2022-06-13,234.2055,234.6476,233.4399,233.912,69894372
2022-06-14,230.5457,230.9976,229.2068,230.5517,65220771
2022-06-15,231.4191,232.9562,230.0391,231.7984,82673604
2022-06-16,231.1395,232.6497,230.1994,230.2754,61479936
2022-06-17,227.2123,229.2644,225.6704,227.5801,106882956
2022-06-20,228.1705,228.8558,223.5005,228.3705,42077698
2022-06-21,228.6673,230.9991,229.1247,229.7617,114208011
2022-06-22,226.2615,227.537,225.875,226.7464,81267959
2022-06-23,225.4943,228.279,222.7747,225.1455,73415735
2022-06-24,221.0488,221.1141,219.9261,220.8363,41464299
2022-06-27,218.0458,217.8562,215.8771,217.6539,54060898
2022-06-28,218.0076,217.7047,217.5787,217.6475,129216232
2022-06-29,218.6078,217.2991,217.1538,217.243,73595732
2022-06-30,216.6276,217.243,216.3746,217.1141,89423724
2022-07-01,215.6509,218.1378,216.0392,216.7011,56272942
2022-07-04,214.4851,215.4313,215.1496,215.1622,79075633
2022-07-05,215.0761,215.8855,215.2291,215.5306,46208594
2022-07-06,223.6423,224.5905,224.0392,224.297,83260940
2022-07-07,226.695,229.3391,225.983,226.6314,92784814
2022-07-08,221.5142,222.7117,218.2355,220.6833,90946600
2022-07-11,218.5452,222.3064,214.7487,217.5381,55734129
2022-07-12,222.6711,225.0318,219.5526,222.3345,69770148
2022-07-13,225.8346,225.6366,223.4656,224.3885,99176817
2022-07-14,223.6638,224.8091,223.3916,223.9031,73512216
2022-07-15,223.5036,226.942,224.1381,224.6009,71314842
2022-07-18,221.7804,221.7902,221.0755,221.0808,171299532
2022-07-19,219.9324,221.2229,220.1339,221.1489,54687271
2022-07-20,217.4587,219.055,216.0249,217.9518,123247437
2022-07-21,220.6776,221.9794,219.2382,220.3335,50408225
2022-07-22,222.8889,224.4189,219.3287,222.9574,103953020
2022-07-25,220.8123,221.588,218.7836,220.9388,106196128
2022-07-26,220.1702,221.7906,220.3637,220.9515,65227461
2022-07-27,222.0838,223.9014,222.0423,222.091,49157817
2022-07-28,223.7972,223.3348,218.9149,223.1244,36373967
2022-07-29,222.7366,225.5345,218.0154,222.7232,62550937
2022-08-01,228.9559,230.2865,229.5184,229.5269,98742365
2022-08-02,228.6703,234.199,222.1486,229.5277,51986047
2022-08-03,222.2109,227.2271,219.9927,222.7512,83163293
2022-08-04,232.376,232.1267,229.4152,232.1026,44320827
2022-08-05,236.918,243.8258,235.2051,236.6739,72855014
2022-08-08,228.5602,232.997,228.9156,229.1098,50562443
2022-08-09,227.7326,232.314,224.3691,229.248,77543140
2022-08-10,228.6031,234.6218,226.9079,228.3152,65470184
2022-08-11,230.9696,233.1055,228.3961,231.5924,49693800
2022-08-12,243.3968,244.6235,235.649,242.8942,61465573
2022-08-15,232.0681,240.7945,232.3409,232.5951,55056717
2022-08-16,229.7159,233.6209,224.2811,230.3977,47297467
2022-08-17,233.9953,237.2999,230.2543,233.8878,123362227
2022-08-18,234.3334,232.9647,225.0931,232.6818,69266174
2022-08-19,231.9086,232.2264,230.7344,231.3881,33153107
2022-08-22,236.6255,236.9426,235.3627,236.5288,62346922
2022-08-23,228.5306,230.9355,227.9521,228.2847,115343117
2022-08-24,228.4479,230.082,229.3787,229.6512,58996798
2022-08-25,228.5254,229.4035,229.2946,229.2961,145638013
2022-08-26,224.8052,227.05,225.9632,226.505,56790088
2022-08-29,226.222,225.2779,224.507,225.051,97845514
2022-08-30,226.2441,225.4112,225.1611,225.2098,121107922
2022-08-31,227.8094,227.6654,226.2929,227.5411,95784820
2022-09-01,228.3369,228.6749,227.3277,228.2444,46165328
2022-09-02,225.093,226.425,223.6362,226.1432,54873975
2022-09-05,227.0149,227.7229,226.2471,227.1643,127747419
2022-09-06,228.9819,228.8709,225.72,227.7539,57984866
2022-09-07,227.4976,229.0805,226.6122,227.4079,118190442
2022-09-08,227.4855,231.1952,227.5004,227.8712,67350662
2022-09-09,229.6729,232.0866,230.7654,230.8875,84656472
2022-09-12,234.7071,235.6149,232.9325,233.7372,45951372
2022-09-13,233.0928,233.4698,232.8547,233.1418,62722460
2022-09-14,230.0559,232.1588,230.2587,231.2715,56368138
2022-09-15,231.2073,232.1018,231.7069,231.8493,87554941
2022-09-16,230.6386,231.7903,231.4066,231.5243,83038608
2022-09-19,231.0192,231.209,229.82,231.1105,96263246
2022-09-20,229.3883,229.3515,227.7326,229.2457,65747236
2022-09-21,233.2587,236.0017,232.5307,233.6111,55143264
2022-09-22,237.5124,237.2863,236.6679,236.9594,86066329
2022-09-23,235.2819,235.5827,233.5762,235.2263,52994655
2022-09-26,236.479,236.4136,233.4823,235.7266,123149078
2022-09-27,236.3388,237.0059,236.1567,236.5922,76417954
2022-09-28,238.9924,236.9259,236.6405,236.8189,70215746
2022-09-29,235.0536,235.6359,235.2676,235.452,96244986
2022-09-30,233.3444,235.1038,232.8103,233.9776,77593280
2022-10-03,232.1376,233.0361,231.7714,232.8534,41215151
2022-10-04,231.4382,233.125,230.1709,231.5847,52323974
2022-10-05,229.6764,233.7152,230.1597,230.8643,122132939
2022-10-06,232.0564,232.8371,231.5342,231.8514,82729841
2022-10-07,229.6402,232.6485,230.0963,230.9566,40829281
2022-10-10,229.632,229.9483,228.2307,229.5206,92099679
2022-10-11,231.4858,232.8353,232.0712,232.4261,63964171
2022-10-12,237.1708,238.6299,236.6298,237.4422,56386324
2022-10-13,236.1982,237.2123,234.8575,235.7702,50606374
2022-10-14,234.9324,234.3261,231.5151,233.3141,119342608
2022-10-17,229.9846,232.708,230.047,230.7296,36445838
2022-10-18,230.9321,231.3746,230.8756,231.0363,57226312
2022-10-19,230.6624,231.2256,230.7663,231.1638,83937908
2022-10-20,230.4489,231.4963,230.1111,231.0511,150411047
2022-10-21,228.1549,230.7459,227.134,228.6448,99840100
2022-10-24,236.5654,242.9128,228.878,235.9813,57032243
2022-10-25,237.2306,240.5002,236.0386,237.5782,147491126
2022-10-26,244.1159,245.4018,240.3965,242.4742,46524417
2022-10-27,239.5206,242.555,231.6387,239.2219,88957711
2022-10-28,262.4659,267.8682,261.1302,263.2624,97235949
2022-10-31,269.2573,275.4671,269.1228,269.5537,56237309
2022-11-01,266.5912,268.8487,260.5066,267.2333,105748523
2022-11-02,275.4628,275.6501,273.8796,274.8025,65135556
2022-11-03,257.5705,262.9925,252.4024,258.8399,105644914
2022-11-04,256.0859,257.6341,254.2203,257.1182,38328296
2022-11-07,247.6312,251.3355,246.338,248.071,91470550
2022-11-08,240.0673,240.2498,238.4918,239.5759,67842169
2022-11-09,240.7054,241.5917,239.4063,239.8167,126710904
2022-11-10,245.3138,251.1487,240.8299,244.2999,78604923
2022-11-11,235.7083,245.947,230.765,235.334,131857058
2022-11-14,236.9912,238.7452,236.1334,237.0501,98010218
2022-11-15,233.833,235.2562,230.0642,233.2762,76022036
2022-11-16,232.3967,234.8624,226.9499,233.196,109628169
2022-11-17,231.0491,234.6071,229.3618,232.3313,109908699
2022-11-18,222.4231,227.6527,215.928,222.1319,96620471
2022-11-21,218.1761,219.8535,218.575,218.8354,31979852
2022-11-22,219.1434,219.7505,217.627,219.1864,54000993
2022-11-23,219.8227,219.9123,219.3385,219.7439,139166209
2022-11-24,219.1165,219.8426,218.3549,218.9535,48407186
2022-11-25,217.1462,216.69,215.7355,216.5361,113864722
2022-11-28,218.1713,217.9059,217.5705,217.6273,106123944
2022-11-29,220.7443,221.8754,220.2673,220.6152,59843073
2022-11-30,221.0895,223.1076,219.7113,221.3829,36014944
2022-12-01,226.275,226.782,225.4779,226.2018,63717649
2022-12-02,222.8156,223.9559,219.9553,223.2145,183686895
2022-12-05,222.5683,228.976,220.6127,222.6995,56640015
2022-12-06,223.1463,221.8144,220.6679,221.4005,58225517
2022-12-07,220.3887,221.6276,219.4309,220.2682,53677486
2022-12-08,222.966,222.9306,220.9091,222.665,130052787
2022-12-09,225.03,226.8991,223.9315,225.5067,72592408
2022-12-12,227.1823,227.066,226.2644,226.4882,62281482
2022-12-13,224.4361,224.7486,218.9583,223.9248,140810672
2022-12-14,220.9331,221.9994,219.3769,220.4251,100869163
2022-12-15,218.4689,222.1642,214.2792,218.3281,55385096
2022-12-16,215.3953,218.424,211.8646,214.728,49037880
2022-12-19,210.3178,210.2736,208.3448,209.517,127140734
2022-12-20,207.1596,207.4598,204.4722,206.9837,80539029
2022-12-21,198.7409,200.3333,197.7526,198.8093,43051670
2022-12-22,202.9626,203.6275,197.4562,202.4187,39204061
2022-12-23,207.1364,208.31,204.5592,207.699,51193427
2022-12-26,213.8439,216.1812,211.1612,214.305,48726976
2022-12-27,210.4571,210.9,207.6108,210.4908,35289866
2022-12-28,217.1156,219.8594,217.2193,218.2528,51533075
2022-12-29,224.5199,226.241,220.3889,223.9632,55389741
2022-12-30,230.5631,231.805,225.8317,231.2301,66483521
2023-01-02,227.7863,228.8789,226.4974,228.1087,157463022
2023-01-03,227.6568,232.1641,226.7144,227.8025,71900939
2023-01-04,226.7512,227.7397,224.2904,226.7245,74813376
2023-01-05,224.8586,225.7542,221.6179,225.0905,98074635
2023-01-06,229.9205,230.8293,229.916,229.967,72755129
2023-01-09,228.3658,229.1644,226.6696,228.4067,93886614
2023-01-10,229.9409,231.5114,228.8536,230.2495,89503039
2023-01-11,231.4659,232.1508,231.7866,232.0035,84020604
2023-01-12,232.9987,232.4855,231.9923,232.244,241921445
2023-01-13,229.5111,231.9877,229.9498,230.9646,115177794
2023-01-16,229.3698,230.6396,226.9786,229.5114,51900988
2023-01-17,227.7599,228.2117,227.1557,228.0805,92769276
2023-01-18,224.9926,226.1914,224.0668,224.7101,58284250
2023-01-19,224.9949,226.7096,225.8188,225.9787,95633859
2023-01-20,224.1154,228.5911,222.8063,224.4517,46152524
2023-01-23,219.5036,220.629,219.1392,219.571,51362834
2023-01-24,210.5936,210.9486,207.4282,209.9187,91797921
2023-01-25,208.1166,208.6913,207.1043,207.9093,119234754
2023-01-26,205.8602,206.6272,204.6303,206.5924,97815629
2023-01-27,208.6563,209.3751,207.8893,208.9617,112581068
2023-01-30,207.1292,206.8576,206.3849,206.5794,92902825
2023-01-31,199.2359,200.0035,197.7535,199.9549,85714762
2023-02-01,209.3405,212.36,205.9144,209.3899,65401770
2023-02-02,207.5561,207.5881,206.9023,207.5618,110744678
2023-02-03,208.2122,210.2149,205.5412,208.4534,120539599
2023-02-06,198.7192,199.2202,196.7607,197.1186,78005579
2023-02-07,197.8626,199.5588,196.9139,198.1077,76344517
2023-02-08,201.9507,205.3737,198.0415,201.6784,151197806
2023-02-09,201.3545,203.1498,201.1284,201.8179,79349164
2023-02-10,203.6969,203.8732,203.1806,203.3747,82458982
2023-02-13,203.373,203.4971,202.1838,202.8424,97097632
2023-02-14,202.2721,202.8922,202.2945,202.6292,76930631
2023-02-15,203.107,203.7821,202.7551,203.1403,57621197
2023-02-16,199.5469,202.3012,199.429,200.0835,93057061
2023-02-17,206.2937,209.2444,204.0304,207.0032,78769402
2023-02-20,215.14,216.7433,212.708,214.4719,167155837
2023-02-21,216.507,217.1963,213.2535,216.8671,109662345
2023-02-22,218.41,221.2317,219.6727,219.9972,63044051
2023-02-23,225.6386,224.5744,221.9901,224.4467,107087978
2023-02-24,208.4411,212.6853,202.8749,208.9433,90483993
2023-02-27,195.7215,195.9033,191.7585,195.8663,135070539
2023-02-28,200.535,202.5439,195.6062,199.5503,64860898
2023-03-01,203.0229,204.0995,201.694,203.1092,86271309
2023-03-02,201.7155,203.0614,199.6244,201.8144,76891026
2023-03-03,201.9792,202.9302,202.5717,202.7248,81893400
2023-03-06,199.015,201.7298,198.8228,199.9934,56145529
2023-03-07,199.537,200.5112,197.5866,199.6366,100724725
2023-03-08,201.2746,201.0603,200.7326,201.0557,94557899
2023-03-09,200.9597,201.1769,199.3884,200.7756,133769220
2023-03-10,200.0449,201.2074,199.421,200.3339,79679815
2023-03-13,200.1742,200.3798,198.1475,200.1621,67849419
2023-03-14,199.0548,201.1501,199.064,200.1549,109699453
2023-03-15,200.819,203.2209,199.7967,200.5419,58226750
2023-03-16,198.3324,198.2742,195.9138,198.2364,123472745
2023-03-17,200.2191,199.2368,198.647,199.0371,123366972
2023-03-20,201.4082,202.6139,199.7002,201.4036,132282289
2023-03-21,204.1497,209.0706,202.7486,204.7279,93007099
2023-03-22,215.2827,217.6658,214.3508,215.3155,65853203
2023-03-23,217.7446,225.4214,212.6713,217.9589,83571430
2023-03-24,219.2004,222.3981,216.0153,218.9147,93135385
2023-03-27,237.9164,245.6218,234.3277,237.8972,63941587
2023-03-28,235.5725,240.4559,232.1765,236.4646,136356550
2023-03-29,235.5064,237.9869,235.0473,236.665,100892975
2023-03-30,230.3281,235.4462,225.637,230.1465,55988003
2023-03-31,241.6727,243.1584,238.3771,240.672,169894236
2023-04-03,246.4899,247.5555,246.4254,246.4312,83177954
2023-04-04,243.476,243.6558,240.6331,242.8827,51644588
2023-04-05,233.7735,234.822,231.4915,233.0642,57393151
2023-04-06,240.6158,244.7341,236.8463,240.4233,145058929
2023-04-07,245.5651,246.1849,242.4019,246.1658,166005447
2023-04-10,248.0278,249.1155,242.2153,247.8826,119799637
2023-04-11,257.4974,263.5508,252.4535,256.5666,135605521
2023-04-12,270.8792,271.2724,269.0191,270.449,130148072
2023-04-13,276.1721,277.1344,267.1313,275.5529,99962298
2023-04-14,269.6148,274.823,265.032,269.9892,91253682
2023-04-17,272.6586,281.945,264.7104,272.8242,99282757
2023-04-18,273.2385,274.8404,268.0065,273.3358,107386321
2023-04-19,266.0116,268.0396,260.4867,266.0526,59464971
2023-04-20,258.6562,261.5224,253.1402,257.7515,107212208
2023-04-21,294.3924,296.6338,287.1464,296.4727,143376404
2023-04-24,294.6065,300.6999,294.3334,294.5795,73661307
2023-04-25,283.6243,285.7321,280.2338,283.6919,70578637
2023-04-26,284.8812,287.2177,281.5487,286.0558,96799822
2023-04-27,271.3392,271.7153,267.4416,270.793,61692576
2023-04-28,288.8285,290.8587,282.5207,289.457,47242749
2023-05-01,285.9472,289.3781,278.1537,286.2536,126610348
2023-05-02,287.7853,286.853,286.0114,286.1936,66796195
2023-05-03,286.8969,286.4259,285.8279,286.029,80592538
2023-05-04,286.7248,286.4799,285.6021,286.2311,62675875
2023-05-05,285.9842,285.9695,285.3275,285.6577,133316841
2023-05-08,285.3122,287.6064,284.5201,285.4532,112538692
2023-05-09,291.331,290.9302,288.2707,289.5887,72655625
2023-05-10,289.7453,289.3064,287.4632,289.0488,49902329
2023-05-11,281.2916,285.4628,280.9688,281.9248,69634122
2023-05-12,285.3793,292.4933,283.2885,286.5805,100492963
2023-05-15,278.7718,281.1476,274.447,278.2981,86269914
2023-05-16,279.2189,279.3032,277.2926,279.2657,83568432
2023-05-17,268.1971,269.5419,268.8228,269.3493,87069455
2023-05-18,269.4461,270.1158,267.0381,269.0999,108369331
2023-05-19,269.5428,270.6277,269.4319,269.7605,78671657
2023-05-22,270.2812,271.086,269.4456,269.8512,95777904
2023-05-23,268.9458,269.0878,268.4897,268.5897,53906925
2023-05-24,268.2525,268.8005,266.0607,268.7425,222197570
2023-05-25,269.7404,269.7145,265.2598,269.2288,71413212
2023-05-26,263.5525,265.3226,262.1954,263.9465,86787607
2023-05-29,266.1285,268.695,265.6482,266.4744,100344859
2023-05-30,260.8368,263.1876,260.3352,261.2536,67877895
2023-05-31,259.9863,261.8801,257.9589,259.1057,80250785
2023-06-01,258.2658,260.5567,254.165,258.4833,79861728
2023-06-02,262.9847,266.2248,260.607,261.9041,55501574
2023-06-05,277.1869,276.1931,270.8447,275.7078,95341235
2023-06-06,282.3459,285.9268,282.6723,282.9724,41360978
2023-06-07,291.0434,297.7133,288.4212,293.6051,161274843
2023-06-08,307.2891,316.0764,301.2409,306.3278,109860896
2023-06-09,309.4061,310.9289,300.2641,309.7236,103303946
2023-06-12,313.112,316.8737,313.7852,313.9267,39939658
2023-06-13,314.8875,316.253,315.2822,315.4442,58265792
2023-06-14,315.5122,316.4532,314.0847,315.9051,139458167
2023-06-15,316.3847,315.1749,314.7287,315.1559,420953844
2023-06-16,314.3925,315.1454,313.9167,314.2417,129011767
2023-06-19,315.4062,314.4162,313.9836,314.194,121122689
2023-06-20,315.8046,315.7992,313.7459,315.3367,98693227
2023-06-21,314.7656,315.2878,314.9394,315.0577,56998659
2023-06-22,313.5958,315.3249,313.2976,313.9632,119115816
2023-06-23,315.4123,315.7758,310.8817,314.8814,51498037
2023-06-26,314.1898,314.8345,311.673,313.4175,49293516
2023-06-27,310.9786,310.3213,304.9597,310.05,48067914
2023-06-28,310.0721,311.4796,309.6931,310.3155,118192623
2023-06-29,310.8726,311.6246,309.3633,310.7092,78183686
2023-06-30,310.2662,311.5843,308.8207,309.7231,83293446
2023-07-03,310.0602,310.5906,308.4909,310.4175,79508589
2023-07-04,311.1194,312.6078,311.7998,312.1805,50995633
2023-07-05,307.1839,308.2386,306.2001,307.9278,61174734
2023-07-06,307.9854,308.3455,308.207,308.2082,62418153
2023-07-07,308.6951,308.2422,307.5027,308.0825,45600471
2023-07-10,312.4608,311.7982,309.4832,311.2829,65388251
2023-07-11,309.2512,312.2505,308.0647,310.5118,51909615
2023-07-12,309.5491,310.914,308.5358,310.1043,100795819
2023-07-13,312.755,314.5715,312.9078,313.091,104210725
2023-07-14,312.5653,312.6362,311.7323,311.821,47682811
2023-07-17,310.4011,311.7655,309.29,310.8933,71049294
2023-07-18,308.2041,310.3665,308.4508,308.6017,168081770
2023-07-19,305.8988,307.7668,305.8751,307.1973,54039835
2023-07-20,306.7855,306.9701,305.1983,306.3409,94886530
2023-07-21,303.9559,304.7957,300.4052,304.1031,83448978
2023-07-24,306.8208,307.8528,306.4959,307.4234,123863686
2023-07-25,305.1421,309.7699,304.2285,305.3798,90036340
2023-07-26,298.1224,297.975,289.9089,297.1161,67323438
2023-07-27,294.3097,295.526,289.1376,295.1983,82165235
2023-07-28,302.5996,304.7607,298.0708,303.3646,82646676
2023-07-31,309.89,315.8753,304.5395,308.728,77118913
2023-08-01,307.3585,313.695,305.245,307.2886,47199441
2023-08-02,266.4574,269.3405,261.9482,265.9225,131533566
2023-08-03,255.5831,259.4693,248.4048,255.2752,122559922
2023-08-04,252.3962,254.5138,251.6828,252.423,52686066
2023-08-07,250.0843,255.1038,248.479,250.3457,70933043
2023-08-08,247.0916,251.7447,246.2206,246.476,73111989
2023-08-09,246.0306,246.7818,243.7344,245.1742,50371176
2023-08-10,237.555,238.1039,235.7358,236.7836,37913533
2023-08-11,230.9936,234.209,230.965,231.8166,61178117
2023-08-14,230.3933,232.0666,229.1281,229.4931,69370777
2023-08-15,231.9523,233.8497,229.0672,232.2015,44949215
2023-08-16,231.6433,232.2673,231.7601,232.1686,85868558
2023-08-17,231.4281,231.9716,231.1946,231.5457,127379288
2023-08-18,232.1777,231.9945,231.2757,231.5995,112041920
2023-08-21,233.9742,233.7866,233.0057,233.5951,76047061
2023-08-22,232.7772,233.703,231.972,232.9556,38315785
2023-08-23,237.0584,240.4649,235.6976,236.4635,106517316
2023-08-24,239.1822,239.5873,237.9988,239.0819,84824422
2023-08-25,236.7382,239.492,237.0732,237.1455,94799779
2023-08-28,236.1757,236.863,234.6285,236.6779,173550349
2023-08-29,239.9238,241.9238,237.4287,239.6287,57518232
2023-08-30,239.5539,240.112,238.7084,239.6132,25332806
2023-08-31,237.585,239.766,237.7225,238.5674,52491161
2023-09-01,239.8218,239.6478,236.594,239.2131,97168313
2023-09-04,240.3255,240.7363,239.9542,240.672,80866285
2023-09-05,238.2046,238.1802,235.4717,237.0695,49194025
2023-09-06,232.5452,234.6646,232.3623,233.526,45337734
2023-09-07,238.3158,241.3756,237.3474,238.445,69420556
2023-09-08,238.4477,241.1263,237.6983,238.9489,48598310
2023-09-11,232.7599,236.3119,230.1602,233.442,98522012
2023-09-12,235.8447,237.0233,233.9854,236.1894,67860618
2023-09-13,235.9679,234.7753,233.569,234.7178,62251303
2023-09-14,235.0146,236.4298,234.6503,234.9135,59069580
2023-09-15,233.671,235.5511,233.8143,234.2267,88878984
2023-09-18,231.6748,234.3989,230.769,232.9492,81375180
2023-09-19,231.8259,238.9615,223.0608,233.0261,86730841
2023-09-20,224.3915,225.7881,223.7657,224.7529,85976879
2023-09-21,226.3629,230.2117,225.7757,226.7937,77722782
2023-09-22,227.4267,227.6875,226.9631,227.5796,52919632
2023-09-25,226.6977,228.8277,228.0276,228.2483,59732399
2023-09-26,227.6257,228.2864,226.7845,227.6883,68316865
2023-09-27,227.933,227.4306,227.1596,227.2313,182747374
2023-09-28,228.1727,227.605,226.8556,227.0645,46641565
2023-09-29,229.2959,231.2075,230.196,230.6027,67655999
2023-10-02,230.3372,231.133,228.3194,230.8917,83207164
2023-10-03,227.0751,231.9422,226.107,227.6578,70859109
2023-10-04,230.0183,229.9557,229.5747,229.9178,122929921
2023-10-05,227.063,228.5174,226.6188,227.8954,70712860
2023-10-06,218.4282,218.119,214.8377,217.3287,72835980
2023-10-09,224.8238,226.0854,221.6549,224.7945,110816761
2023-10-10,223.219,223.9822,221.9977,223.3015,165060372
2023-10-11,223.474,224.0497,219.225,222.4088,140474500
2023-10-12,216.5868,221.6676,214.8555,216.5972,75744442
2023-10-13,217.2467,217.0834,216.3153,216.986,78431132
2023-10-16,218.7308,219.9138,218.5691,219.224,81509072
2023-10-17,218.4172,219.8391,217.9516,219.3171,84845028
2023-10-18,217.7852,218.8744,215.7814,218.1843,57002058
2023-10-19,228.5671,230.3714,224.9609,227.0724,116357128
2023-10-20,222.1727,221.8135,220.4049,221.7512,86892375
2023-10-23,222.421,223.2581,217.3559,222.2379,78577402
2023-10-24,214.2027,216.607,214.2261,214.831,48113773
2023-10-25,212.6739,212.282,211.2786,212.0933,82018195
2023-10-26,211.6806,212.6176,211.8416,212.5445,37515032
2023-10-27,211.9441,214.4589,212.4122,212.9428,63393852
2023-10-30,209.084,210.5435,207.2315,209.4348,63866026
2023-10-31,205.9328,205.132,203.8589,204.7289,89731754
2023-11-01,208.6841,209.8608,206.4007,207.4993,169688880
2023-11-02,204.6601,205.1436,203.4067,204.9373,100563525
2023-11-03,202.4338,205.7717,200.8957,202.8436,142791776
2023-11-06,204.2512,211.223,204.6254,205.2588,103555893
2023-11-07,199.9978,202.3468,199.3222,199.951,125467659
2023-11-08,195.7117,195.7512,191.7171,195.6166,168153554
2023-11-09,193.631,193.6817,192.5944,193.1729,59697604
2023-11-10,191.7175,191.6761,190.575,191.1945,58159245
2023-11-13,187.8398,188.349,186.7412,187.9511,104538036
2023-11-14,189.1005,189.2288,187.3703,188.7854,79882376
2023-11-15,185.0728,186.1839,180.2262,185.4622,87371414
2023-11-16,192.5611,196.5862,186.1467,192.2511,72425603
2023-11-17,198.9538,207.2267,194.7829,199.2567,63024475
2023-11-20,199.5705,200.1435,198.5876,199.2956,152983871
2023-11-21,189.6717,191.3707,186.0052,189.4564,51525776
2023-11-22,193.7833,194.8247,187.9701,193.7433,105275796
2023-11-23,187.7572,188.2682,185.8275,187.3102,98663783
2023-11-24,184.8408,187.276,181.0247,185.7137,42539000
2023-11-27,183.3449,189.4004,182.9991,183.9316,57381072
2023-11-28,178.3989,179.063,175.0642,178.5435,61371797
2023-11-29,167.8817,170.0579,167.0206,168.6102,100269371
2023-11-30,165.2807,167.87,165.3858,165.4826,69076362
2023-12-01,164.9252,165.3224,164.8531,165.1107,77307479
2023-12-04,165.0904,164.7403,164.2072,164.443,44655062
2023-12-05,164.5744,165.0581,164.0353,164.5041,202834691
2023-12-06,163.4096,164.0225,162.7827,162.9057,82311010
2023-12-07,160.4849,160.8378,159.8657,160.3397,97673178
2023-12-08,161.4303,162.0448,161.4246,161.69,64442698
2023-12-11,159.4208,160.6031,158.6949,159.3568,61619335
2023-12-12,164.3022,164.1888,161.6442,163.9431,171932248
2023-12-13,167.2409,169.0926,166.3316,166.6432,37163904
2023-12-14,165.5313,167.6644,165.4188,165.597,89432617
2023-12-15,160.9077,162.7952,161.0142,161.7049,49275405
2023-12-18,162.464,164.5751,162.4647,163.3034,68035264
2023-12-19,157.3723,157.9605,156.9978,157.5264,61978580
2023-12-20,161.8825,163.195,162.563,163.0219,53927230
2023-12-21,162.9967,162.2138,161.8924,162.1213,81142212
2023-12-22,162.378,162.1241,162.0197,162.0875,28640304
2023-12-25,161.7031,162.1181,161.8615,162.0118,70515408
2023-12-26,161.5156,162.0579,162.0418,162.0542,77162272
2023-12-27,163.4419,163.1602,162.9168,162.9386,46447192
2023-12-28,166.0195,167.0042,166.0149,166.5751,146542299
2023-12-29,165.6687,168.8639,165.7867,166.1755,63069877
2024-01-01,161.3452,162.5496,159.1845,161.7164,72750293
